text,negative
"Важно, чтобы к нам на исследование пришел тот человек, который подписывал соглашение о неразглашении. Если это будет не так, последствия для нас и для компании могут быть необратимы. Именно поэтому так важно сверять человека и его фотографию в документах. И делать это дотошно.В фотографировании на паспорт, как и на любой другой документ, есть несколько особенностей. Именно эти особенности иногда ставят нас в тупик, и мы спрашиваем себя: ""А это один и тот же человек? Точно?""",negative
"Скучненько переписало. Но всё же грамотно, поэтому тут только с панибратскоого в занудный можно было переделать, мне кажется.  Ну и однородные убрать, скобочки – это тоже понятно)",negative
вы слишком хороши.,positive
не могу покуситься на святое :),negative
"Это значит, что статью будет интересно читать людям того же профессионального уровня, которые её писали. — такое запутанное предложение, что я даже не могу сообразить, как распутать. Почему это определение экспертной статьи? Если копирайтер-новичок напишет статью про 10 инструментов для совместной работы, то ее тоже будет интересно читать людям того же профессионального уровня, «которые ее писали». Понимаю, что есть первая часть, но определение само по себе неверное.",negative
"Честно говоря, про биссектрису я бы вообще убрала. Потерявшись и запаниковав, никто про нее и не вспомнит.",negative
"Мнение важных для меня людей подходит любое, могу пофыркать, на остальных наплевать",negative
"долго думала, решила, что Тематический форум то тоже подойдет - там модеры ток так банят всех! Ну и они бывают закрытыми.",negative
У вас в статье рисунки неправильно сверстаны в пункте Давайте конкретизировать,negative
Не получилось воспроизвести аудиофайл,negative
"С велосипедистом не согласна. Он же именно объездил пол Европы, а не прилетел, покатался в центре города, улетел дальше. По идее ему важно ехать долго и чтобы велик не сломался.",negative
"я программист но тоже читаю статьи на яндекс маркете, что как выбрать, у меня MAC а если надо windows купить, то нужна информация о последних тенденциях",negative
"Клубнику если помыть то она ""раскиселивается"", поэтому придти домой и в холодильнике нормальную помытую клубнику нельзя, максимум водянистые ягоды уже",negative
"Вообще это не на текст, а на меню похоже. и рука не поднимается делать из меню текст :(",negative
"На вопрос ""Какой уровень обещают студенту, который пройдет курс?"" ответ дали в первом абзаце. Там написано до середины уровня B2.",negative
"явно сказано, что ПОЛОВИНА В2 (первый абзац)",negative
Про настолки мне кажется всё же текст обращается к читателю: если придёте к нам работать...,negative
"Про Нижний Новгород я бы вообще написала отдельно, а не в общей куче новостей.Жителям Нижнего -  о том, что Я.Лавка появилась в городе. Остальной аудитории - ""если вы поедете в Нижний Новгород - есть возможность пользоваться севисом.Инвесторам - что мы расширяемся)))",negative
Вот эти ваши задачи- просто пушка!,positive
Не работает(((,negative
"На мой взгляд, смысл примерно тот же.",negative
Тут что-то совсем плохо с подсчетом баллов :(,negative
хм... 0 баллов?!,negative
"На практике приходится ориентироваться на бизнес-задачу  (особенно внутреннему исполнителю). Она не обязательно обращена к внешнему клиенту и сильно завязана на налаженный в компании механизм продаж. По этому тексту видно, что заказчик внутри Яндекса, а не вне его, а предполагаемый участник опроса при любых обстоятельствах его пройдет. С таким ТЗ текст не так уж и плох, кнопка ""Пройти опрос"" нормально видна.",negative
"Я не согласна с ответами. Читателю полезна информация о том, когда состоится вебинар и какая будет тема. Вопрос в таком случае к формулировке. Чтобы говорить не о себе, можно сформулировать так: ""Приходите на вебинар 15 июля. Вы узнаете..."" И тогда вопрос - мы должны усвоить, что в целом плохо говорить о себе, как о компании? Или просто мы должны по-другому формулировать мысли? В любом случае, эта информация кажется полезной для пользователя. А вот ""Будет интересно"" больше похоже на восхваление себя. Нужно предоставить читателю информацию о вебинаре и дать ему самому решить, интересно будет или нет.",negative
"Не думаю, что первый абзац про читателя. Здесь компания просто хвалится своими возможностями. Второй абзца как-то ""ближе к телу""",negative
"В первом абзаце первое предложение дает искажение о том, что речь обо мне. Авторы заявляют, что у меня самый быстрый интернет. А дальше рассказывают про себя, пытаются обосновать свои слова. Они, разве замеряли мою среднюю скорость несколько раз? Тогда бы фраза была про то, что "" мы замеряли вашу среднюю скорость последние полгода, и вы уникальный товарищ даже среди наших абонентов"".  А по факту, они взяли какую то выборку ( какую? ) и сравнили её каким то образом (каким?) со средней скоростью других абонентов ( какая там выборка?). То есть я скорей всего не попадал в эту выборку, и не факт что у меня самый быстрый интернет. Это не только рассказ не про меня, так еще и маркетинговое вранье.  В третьем абзаце добавляют ссылку, для таких зануд как я, которые хотят проверить факты из первого абзаца. Первый абзац не обо мне, и третьий тоже.",negative
"меня, как пользователя вообще не интересует, быстрей или нет у меня интернет, чем у кого-то там. а вот что я могу или не могу сделать со своим интернетом - это прям моё всё",negative
"Хохочу, какие же вы крутые с этой задачкой:)",positive
"Текст уже во все ячейки пишу, а всё равно не учитывается(((",negative
"Возможно, туплю. Но не нашел к чему придраться и удалить.",negative
"Мне наоборот показалось, что поздравлять с новым начинаем здесь излишне, а вот напомнить о постоянстве в своих занятих – уместно и как-то мотивирует.",negative
"Кажется, последний абзац тоже не несетважной смысловой нагрузки.",negative
"Признаться, не поняла, почему не нужно писать про акцию.",negative
"Если вопрос стоит так, какие абзацы, а не предложения нужно удалить, то второй абзац я бы не стала удалять. В нем есть важная информация о сроках акции.",negative
"Что может быть более интересное, чем новые заказчики? В этом предложении нет сути, по-моему его тоже стоит удалить.",negative
нуужна в подсказке - точно так задумано? ),negative
"Как проклятый – устойчивое сочетание,как дизайнер –",negative
"Ну не нужна же запятая в первом случае!! Хотя может вы и правы, с корректором то надо дружить... Но я всё равно не согласна. :)",negative
"Вы уверены, что в последнем не нужно обособление оборота? Там же, вроде, оттенок причины в значении.",negative
"У вас во втором задании ""сдаюсь, доверюсь коррктору"", но я знаю, что там нужно только одна запятая, перед ""как проклятому"".",negative
"""Вашей чутье"" - несогласованность в предложении в задании",negative
Самое сложное задание(,positive
Тупой яндекс! я написала Недоварено но он сказал что это не верно),negative
"Спасибо, не знала о репетиторе!",positive
"что-то второй разбор совсем ничего не прояснил... ещё подумав: юзабилити - дно((кто с ЕГЭ не сталкивался и не натаскивал именно решение этих тестов - хрен его сдаст(в задании: ""Определите предложение, в котором оба выделенных слова пишутся слитно.""пишу предложение, без пробелов, как просили:ИпреждеАндрейничегоТОЖЕнеощущал,ЗАТОбылсчастливиспокоен.а оказывается, надо не предложение, а только слова: тожезато или затотоже",negative
"возможно, лучше написать ""в порядке убывания авторитетности"", ведь может быть ещё ""в порядке возрастания авторитетности""",negative
"пришлось точками ""....""  ""добивать"" количество знаков, чтобы получить максимальный балл.",negative
"1. Логически не очень понятно: сначала пройти курс, написать отзыв, а потом тебе вернуть 50% стоимости на карту. Или авансом дадут скидку 50%?2. Гугл и Яндекс — разве ресурсы?",negative
"Классно, я отметил для себя что надо разбивать текст на предложения и так легче анализировать",positive
"Непонятен механизм выставления баллов в этом задании. За баллами не гонюсь, просто интересно :)",negative
"Баллы мне снизили, а меж тем, на мой взгляд, предложение ""1. ранее пройти любой..."" - лишнее. И без него тексту легче.",negative
"Вопрос про ""Так нормально получилось?"". По идее ведь редактор и говорит, что нормально, а что нет? Кого он спрашивает, нормально ли?",negative
"Не поняла, почему редактор может оставить коммент ""так нормально получилось""? Это то есть он переписал часть текста?",negative
Почему первый вариант не может быть комментарием редактора?,negative
"Вместо ""Вот спасибо!"" к последнему у меня есть много разных слов. Правда ""Спасибо"" среди них нет)))",negative
Хочу благодарить UX-писателя огромным спасибо и буду >.<,negative
"Возможно моя жизнь скучна, но мне трудно представить себе человека, использующего такое количество оттенков благодарности...",negative
"Последний вариант. Благодарить в таком случае просто глупо. Достаточно дать понять, что позицию автора понял и искать нового. Возможно, это прозвучит жестко, но незачем тратить время и эмоции на людей, которые нарушают договоренности.Ну и варианты ответов очень субъективные. Все зависит от принятого стиля общения с тем или иным сотрудником и стилем общения в самой компании.",negative
"слово ""лайвхак"" в письме не упоминалось, поэтому ""пользуйтесь нашим лайфхаком"" вызывает панику из серии ""аааа, я что-то в спешке пропустил!"", но потом при перечитывании ничего не находится и начинается неуверенная угадайка ""наверно, они имели ввиду этот пункт..."" не комфортно.",negative
"Если это сложная система, причем настолько, что возникла проблема с нагрузкой техподдержки, в хэлп будут заглядывать часто. Поэтому к его созданию и редактированию нужно подойти ответственно — не забивать на редактуру и корректуру, на вычитку экспертами, на правки. А раз задача не срочная, то и итераций мы можем позволить себе несколько. Поэтому с некоторыми вашими вариантами я не согласна.",negative
"Думаю, если планируются инструкции по системе, то лучше их готовить в паре с дизайнером. Потому что он может продублировать или даже заменить часть текста с помощью пометок на самих картинках. Например, он может подготовить скриншот интерфейса, нарисовать поверх стрелку и написать, что такая-то кнопка делает то-то и то-то. Конечно, дизайнер может это сделать и после получения готового текста, но именно автор текста может подсказать, на что на схеме сделать основной упор.",negative
"мне кажется задача ""хотим снизить нагрузку на тех.поддержку"" слишком общая, и ее можно добиться разными способами. Да еще и придется измерять как то эффективность этих способов. И способы могут быть разными, к примеру можно, написать что то такое, после чего клиент перестанет пользоваться продуктом, формально задача "" снизить нагрузку на тех. поддержку"" будет выполнена. Можно так дооптимизироваться, что у всех нагрузка пропадет",negative
"Даже если нужно срочно, нельзя забивать на вычитку и проверку верстки — а вдруг копирайтер забудет какую-нибудь важную деталь? поэтому с двумя вариантами я не согласна",negative
"Корректура сейчас нужна практически всегда - везде очень много ошибок, особенно грамматических. Плюс учитывать важность этого параметра для аудитории. Для отдельных форматов можно не заморачиваться. По условиям этой задачи, потенциальные участники вебинара могут быть чувствительны к этому вопросу (неграмотный текст - неграмотный специалист).",negative
"В этой задачке так много «но». Если автор, дизайнер и корректор сидят за соседним столом, а письмо и посты маленькие, то почему бы все-таки не показать?",negative
"А чем плохо описание цели текста про железки? Нам ж нужна новая аудитория и т п. Может мы вообще честно скажем, что недавно на рынке. Мы тоже не можем съесть собаку еще на этом,а зацепить новых людей и подводить к целевому действию - это хорошо..",negative
"""на обслуживании малых производств собаку съела"" - это ли не враньё, от которого вы так открещивались в первых уроках? неизбежные ошибки роста клиент простит новичку, понимая, на что идет, но от тех же ошибок понтовой компании - его будет бомбить в соц. сетях.",negative
"В последнем ни один из вариантов. Я считаю, что не каждому человеку хватит ума и желания понять, что вы хотите донести, и еще и использоваться потом это в деле. Но очень уж высокопарно это написано.",negative
"Изначально я написала от имени себя как человека и ученика), а не от себя, как ""себя как работника моей компании""... Это не совпадет с выборами первого столбца предыдущего задания.Судя по баллам - нужно было не так)",negative
"А я бы говорила так, как выбрала",negative
"Вариант ""надеемся, задачи не оказались для вас слишком сложными"" подразумевает, что я недостаточно умная для них. Поэтому первый вариант предпочтительнее",negative
"Не поняла, почему неправильными считаются ответы на вопросы, в которых спрашивают моё мнение)) Про слоган и поговорку",negative
Баллы почему-то не считаются :(,negative
"Очень интересная механика, но очень-очень спорная. Жаль, нет времени и места для дискуссии. Один пример: ""лучше было написать"" - так, как вы написали, а как бы у меня получилось ""своим голосом"" - это совсем другой вопрос, я считаю, что моим голосом - получилось бы хуже, ваш голос - вам больше подходит)). Ну и раз ""я - доступный для всех"" - значит курс доступный?.. Слишком далеко идущие выводы. Но интересный опыт для подумать на тему: ""ты не то, что о себе думаешь и дажа мечтая - представляешь не то, что реально мог бы создать""",negative
"По исходному тексту я не поняла, кто на ком стоял)) Поэтому объясню: считаю, что в тексте нужно честно признать изменение условий обслуживания. Не ругать конкурентов, не извиняться, не врать. Объяснить причины изменения. Убрать смайлики и все такое.",negative
"Это же ситуативный маркетинг, хоть и неудачный. Аналогичный пост про Сбербанк и СБП, кажется, вызвал восторг публики. Они попытались повторить успех, вышло не очень. Но ухудшение условий у Тинькофф меня правда здорово разозлило. Нельзя применять к SMM правила UX-копирайтинга. Если убрать из поста пинание конкурентов, то пост теряет всю свою соль и направленность на обиженных клиентов Тинькофф и превращается в обычный рекламный текст. Скучно. Я бы оставила пинание конкурентов, но так, чтобы самим не подставляться. Другое дело, что с потерей денег и заявлением ""но мы-то не такие"", они перегнули.",negative
"Слушайте, а можно не просто писать ""поменяйте текст"", а объяснять с какой-целью его надо поменять? Ничего не понятно, можно как-то конкретно задания формулировать)",negative
Второй абзац в принципе написан хорошо. Максимально информативно и по делу. Поэтому взял его и почти без изменений вставил в свой вариант. Убрал капс.,negative
"Комментарии немного не сходятся с содержанием рассылки ценностно, на мой взгляд. Задача, к сожалению, не поставлена четко. Не понятно, для кого это мы пишем. Предложенный вами в ответах вариант тоже не универсален, тоже четко таргетирован на определенную группу и плохо работает вне ее.",negative
"в части ""банк предлагает мне поиграть с деньгами"", кажется, копирайтер все-таки не виноват, что банк придумал такую дурацкую геймификацию. Если такие условия участия в квесте, то с этим ничего не поделать.",negative
"См. коммент к задаче 31. Этот текст хорошо заходит моему ребенку 15 лет. Очевидно, что где-то близко и та аудитория, на которую нацелился банк. Возмущения не понимаю, поживите еще чуть-чуть и увидите, что вы никому не интересны, если только не накопили/наработали/еще что-нибудь на..., чтобы обслуживаться по классу ВИП.",negative
"Мне кажется, что Альфа обращается к определенной целевой аудитории. Задетые чувства (как в подсказке) - очевидное непопадание в ЦА. Они сейчас очень узкие и не такие универсальные, как раньше.",negative
"текст анонса выглядит так, как будто он предназначен для рассылки пользователям, которые вообще не используют карту для расчетов, а сразу выводят все деньги в другой банк - и в этом случае пользователь наверняка считает из сообщения не ""ты мало зарабатываешь"", а ""трать через нас, это тоже выгодно""",negative
Вы тролли! Измучали совсем.,positive
"смешно, но нет.",negative
Здорово!,positive
Очень очень очень очень крутое задание! Прям про жизнь. Пожалуй лучшее за два с четвертью курса.,positive
"В третьем варианте не согласна с вашим ответом. Менеджеру скорее всего придется пояснить, что именно и на сколько плохо. И если плохо всё — почему мы об это не говорили раньше.",negative
"В 3 пункте (про тексты всех ошибок и подсказок) любой ответ помечается как неверный. Выбрала тот, который считаю правильным.",negative
"вот щас было неочевидно, что нужно обязательно указывать свой вариант.",negative
"Не совсем поняла: в 3-м вопросе, получается, нет правильного ответа? Все ответы подсвечивает как неправильные",negative
"лишние слова в описании под ""Аргументы и факты"": надо самому приходится искать :)В третьем задании про ошибки и подсказки нет правильного ответа...",negative
"В 3 варианте — про инвентаризацию ошибок — не показывается правильный вариант, попробовала каждый, но почему-то не работает",negative
"""Если пользователи не разберуться, то они или забьют на наш продукт, или загрузят техподдержку вопросами.""тся же?",negative
"В третьем вопросе все ответы неправильные и баллы за него не начисляются. Проверьте, пожалуйста, и доначислите баллов.",negative
"В задании наверно ""надо"" лишнее? ""надо самому приходится искать задачи""",negative
"В описании: ""надо самому приходится""""Проинвентаризировать тексты ошибок..."" - нет правильного ответа?",negative
"""надо самому приходится"" - надо поправить текст задачи)!! ни один из вариантов ответа на третий вопрос система не признаёт правильным",negative
"""Что делать, если я не понимаю, чего от меня хотят"" — в реальной жизни есть куча интерфейсов, где уже на начальном этапе не понятно, что от тебя хотят. Пример — нужно внести показания счетчика, но для этого сначала нужно зарегистрироваться на сайте. В форме регистрации есть поле ""Reference ID"", а ты не знаешь что это такое. Конечная цель — оплатить воду, следовательно регистрация является лишь началом пользовательского сценария. Аналогичная ситуация с ""где мне взять информацию"" и ""что я могу сделать""",negative
"В описании задачи, наверное, надо заменить слово — не «другие модули заказчика», а «другие модули задачника», не?",negative
"Наверно опечатка в задании? Имелось в виду ""другие модули задачника""?",negative
"Ожидание можно использовать куда продуктивнее, нежели просто шутки шутить. В тех же играх сейчас частво встречается паттерн обучения во время загрузки, что позитивно сказывается на опыте игрока. В случае, когда документы отправлены на проверку, и эта проверка очень серьезная, я (как пользователь) врядли оценю юмор",negative
в корзине пусто - может человек пока не может ничего купить - денег нет! а вы тут шутите) шучу)) но подумал что этот момент иногда может быть,negative
"Кажется, что в логине-регистрации и в сообщениях об ошибках шутейки не очень уместны -- условно, в первом случае конверсию не увеличит, а во втором всяко не добавит ясности",negative
"Страница 404 – это частный случай ошибки, и шутка здесь также может вызывать раздражение. Видел подборки вариантов этой страницы, часть из них действительно смешные и креативные. Но в тот момент, когда я ищу информацию, перехожу по ссылке, а она не работает, мне как-то не до шуток.Ожидание – тут тоже все субъективно и зависит от контекста и скорости выполнения операции. Если приходится ждать очень долго, то шутка, особенно про чуть-чуть подождать, выглядит издевательством.",negative
"А как же написать в плейсхолдере email кого-нить из Звёздных войн? А какая-нибудь смешная кнопка, например, как у Яндекс. Драйва?",negative
"Сомневаюсь про страницу успеха, там пользователь весь в напряжении и ждёт, что оплата прошла, а ему шутка в лицо.",negative
"Страница 404 - это то же сообщение об ошибке, почему в нем шутить можно, а в ошибках нельзя?",negative
"Сверила ответы с вашими — Вопрос с Фигмой и Фотошопом не понятный. Тексты имеется в виду в интерфейсах самих программ или в макетах, которые там делаются? Если в самих программах — то не понятно, как они там могут быть объясняющими и разжевывающими, они тогда займут все рабочее пространство. Про врача тоже не понятно, какие тексты имеются в виду. Что касается — историй болезни и спорных случаев у пациентов, там важна исчерпывающая информация. Что касается интерфесных текстов — там точно важно не отсвечивать, а быть простыми и предельно понятными, без шуточек и всех этих юзер-френдли штучек. Как раз у медиков все хорошо с терминами и интерфейсы для них, скорее всего, проще остальных делать краткими, лаконичными и понятными.",negative
"С инфой для врачей не очень поняла. Им как раз надо текст, который даст максимум информации, это же важно..",negative
Про главврача было неожиданно,negative
"Не согласен с вариантом для главврача. Допустим в интерфейсе системы есть выпадающий список с вариантами. Интерфейсный элемент? Определенно. Разве не должен каждый из вариантов давать исчерпывающую информацию о себе? Можно возразить, что Главврач должен быть опытным и все понимать. Ну а если главврача только назначили, и он вообще не особо знает как этой системой пользоваться?",negative
"Сначала был не согласен с вариантом по поводу фигмы, затем вспомнил, как там организована информация, и что для обывателя она не сразу понятна, согласился. Но за счет того, что текст сосредоточен в боковых панелях, он еще и не ""отсвечивает"" во время работы )",negative
"первые два ответа поставили в тупик, не понятно, почему так даже после обдумывания",negative
"""Придумайте пять адресов в вашем городе""С тем количеством плагинов, которые прямо в макет подставляют реальные адреса, это задание выглядит морально устаревшим",negative
"Давайте, если нужно придумать 5 вариантов, то сделаем для каждого варианта свой инпут) Очень не удобно в 1 ячейку писать",negative
"Пять услуг для этих сервисов - что имеется в виду? Услуги, которые оказывают эти сервисы (5) или 5 описаний услуг, оказываемых этими сервисами? На иллюстрации показана поисковая выдача по запросу. В яндексе, например, выдаются исполнители с похожими описаниями своих услуг. И как раз присутствует 3 строки подряд (из 5) с одним и тем же текстом.",negative
"кажется, у вас блоки поехали.",negative
"Не согласна, что блок 3 и 5 надо подтягивать из таблицы для каждой породы.3 — данные да, подтягивать, а отображение править на макете (а мы же об  этом с вами говорим тут). Пересчитывать 7 или 9 звездочек невозможно.5 — если весь это массив заливать текстом из описания породы, не получится сделать теги, как на скрине, потому что в каждом описании текстом будет написано что попало. Все эти поля должны быть сначала стандартно один раз отредактированы, а потом только получать галки выбор в значении полей.",negative
Что-то с нумерацией в блоках и вариантах ответов.,negative
"Заголовок я бы тоже меняла в макете. Если он длиннее одной строки, нужно показать разработчикам, переносится ли текст на вторую строку и каким образом.",negative
"Сложно было понять задание. Для реалистичности макета, на мой взгляд, важны блок 5 и блок 1",negative
"Не согласна про Блок №2, так как проще подгружать данные о сумме оставшихся книг из таблицы, чем править это значение вручную.",negative
"Не совсем поняла. Зачем редактировать в макете текст, который будет одинаковым для всех книг.",negative
"В блоке 2 выбираю оба варианта, потому что информация о количестве книг может подтягиваться из таблицы",negative
"*Если новый, то без отзывов.**Нижний абзац с иконкой — не понял зачем.",negative
"Мне кажется, некорректно считать Константинопольского неправильным ответом. Это не рыбная заглушка, а длинный вариант реального имени. Вообще не вижу, чем Алина лучше Константина. Вы же не говорите о том, что надо брать реальную ученицу и обязательно именно ее данные записывать.",negative
"Не поняла, что не так с дом 3, кв. 33. Цифры совпадают, в этом дело?",negative
"Не понял смысл этого задания, но как-то ответил всё правильно.",negative
"К сожалению, вообще не поняла это задание. Что надо сделать - очень пространно и нечетко сформулированно. И даже когда подбором нашла правильные ответы, так и не поняла почему Кирилл - ошибка, а Алина -нет. И с адресом тоже.",negative
"Не вполне ясно чем Кирилл Захаров хуже Алины.Аналогично, про адрес. Я в Питере не был ни разу; Дворцовая - это какое-то какое-то небывалое место?Ну и собственно формулировка задачи. ""Поменяйте тексты в макете"" - лаконично, но какова задача?""Чтобы было жизненно"" - ннне?!",negative
"Догадываюсь, что во втором пункте у вас вариант ""Ошибка"", но, во первых, у меня она не выбирается (мобильный андроид), а во-вторых, все вроде уже привыкли к ""что-то пошло не так"" и понимают это как то же сообщение об ошибке, мне кажется так тоже можно.",negative
"Слишком мало контекста. Хочется добавить свой вариант с той же ошибкой, где хорошо бы сразу писать в заголовке, что пошло не так, и дальше объяснять, как исправить\что можно сделать.",negative
"По второй картинке не соглашусь: в идеале нужно было бы написать причину ошибки человеческим языком, чтобы пользователь понимал, что происходит. Но в крайнем случае лучше оставить код ошибки на видном месте, то есть в заголовке. Чтобы при обращении в техподдержку пользователь мог быстро его сообщить.",negative
"Я читала, что номер ошибки пишется, чтобы можно было назвать его службе поддержки, тогда будет проще понять, что именно случилось. Наверное, ответ с ошибкой и номером тоже может быть правильным.",negative
"В последнем пункте без контекста сложно понять, что это за инструкция.",negative
"Не согласна с предпоследним вариантом. Не понятно, о получении чего идет речь. Соответственно, сложно говорить об отсутствии обмана.",negative
"Первый экран про копирайтера: если там всего две вакансии, то да, текст врёт. Но по картинке так не скажешь. Можно было бы добавить текст снизу (Всего 2 вакансии) или оставить больше свободного места. Сейчас кажется, что просто не все вакансии попали на экран.Или что-то не так с зарплатой? Там написана максимальная сумма, а в предложениях нет ни слова про деньги.",negative
"По первой картинке – прямого вранья нет,  но соглашусь, что есть манипуляция фактами. В любом случае указать медианную зарплату не помешало бы.По второй – все же приложение не знает всех моих планов на сегодня. Так что в контексте данных, которые ему доступно, оно честно с пользователем. Можно поменять формулировку на ""Вы пометили все задачи на сегодня как выполненные"".",negative
"В примере ""Защита платежа"" непонятен контекст. Можно понять как дополнительный платеж. Пример: страхование вклада в сбербанке. Рекламируют как защиту своих сбережений. Это предложение широко известно, его условия тоже. Пользователь может домыслить контекст сообщения на примере и неправильно понять название переключателя.",negative
"Я не поняла, почему «Ещё удобней. Все платежи собраны в один раздел» – это обман",negative
"Почему не подходит интерфейс ""Вы сделали все дела на сегодня""? Где здесь обман?",negative
Про корзину и уведомления не понял. Эти сообщения похожи на констатацию фактов.,negative
"интересно было бы почитать, для чего платежи собирают в один раздел. кажется, что это действительно удобнее",negative
А почему обманывает самый первый про 315 вакансий?,negative
"Про нас слышат не в первый раз. Нас точно знают, но могут не знать со стороны инвестиций и поэтому не доверять. Облажаться никак нельзя.",negative
"материал этого урока погрузил меня в глубокую депрессию (в обывательском смысле). насколько же сложно для заказчика я выражаюсь. насколько моё ""понятно"" отличается от их ""понятно"" и как же быть... как SAP объяснять ""на пальцах""?... нда.",positive
"Страховые агетны небрежно пролистывают? А если там мелким шрифтом что-то важное?)Признаться, не могу понять, зачем этим ребятам постоянно повторять важное)",negative
"Я исхожу из предположений, что мы даем им какую-то важную информацию (поэтому нельзя лажать), и они и так перегружены информацией, поэтому чтение — напряг, и надо быть проще. И повторять главную мысль, раз уж они такие перегруженные!",negative
"насчет четко сказать или повторять главную мысль непонятно. Это для всех такое правило, чтобы повторять мысль? Просто если реально занятые люди зачем их напрягать одно и то же повторяя?",negative
"Если им некогда разбираться с текстом и они читают только то, что зацепило, то почему их не напугать количеством букв и сложноподчинёнными предложениями? Мне кажется, тут противоречие.",negative
"Про первый пункт - я бы сказала, что это знакомая аудтория, но с которой не стоит экспериментировать",negative
"4 - группа и нужна для высказываний;5 - по возможности это надо пробовать ввсегда, но здесь - согласен с вами;6 - в данной ситуации используются правила группы;7 - расхождение с исходными условиями: у людей и так мелкого текста и законов выше крыши. Куда ещё?!",negative
"Тут тоже не согласна.  Этим ребятам ведь нужна работа, они не хотят судачить в курилке, им нужно руководство к действию? Или я уже не помню, как оно, быть выпускником))",negative
"Не соглашусь разве что с пищей для размышлений или действий. Сайт ярмарки ваканский для выпускников. Вряд ли они хотят обсуждать его, они хотят воспользоваться им как инструментом для получения профессии.",negative
"А тут я исхожу из предположения, что мероприятие хотя и ежегодное, но для выпускников — поэтому аудитория будет в основном новая. А поскольку это официальный сайт, на котором мы должны дать информацию (что, кто, где, когда) — то облажаться страшно и непростительно, нельзя вводить людей в заблуждение. И почему они хотят повод для высказываний, если заходят на информационный сайт за информацией о мероприятии?",negative
почему аудитория не новая? выпускники же каждый год разные И еще про пищу для размышлений не поняла. Они что не заинтересованы в работе?,negative
"По четвертому пункту то же мнение, что и в предыдущем задании.",negative
"Не поняла, почему не оценят скрытые цитаты. Они же заканчивают универ, наверняка много читали разного.",negative
"Ярмарка для выпускников, а они знают о нас?! Да они вчера по клубам скакали и ни о чём не парились! Не сходится!",negative
"Зачем им высказываться, если они зашли на сайт, чтобы найти работу?",negative
"Что-то я не уверена на счёт цитат. Люди в таких конторах забитые, им не до этого. Поработала в похожих, но могу, конечно, ошибаться!",negative
"""Новая аудитория"", но уже ""Знают нас""? Как так?""Читают от и до""? Мне странно. Описание принципов человеко-машинного взаимодействия интересно разработчикам рабочего места машиниста. А в Воронеже инженеры сопровождают то, что им прислали сверху. Хотя если там экспериментальный завод по созданию новых поездов - тогда да)",negative
"Возможно, мной движут предрассудки, но я считаю, что для такого доклада инженеры — неподготовленная аудитория. Поэтому непонятно, почему они нас знают (судя по вашим правильным ответам). Дальше, если они пришли на конференцию, я надеюсь, что им нужна пища для размышлений, а не повод поболтать в курилке. А поскольку тема новая, и наткнется на неизбежный скепсис (особенно от тех, кто и так знаком с эргономикой), главную мысль надо будет повторять все время. Перегружать же кого угодно сложноподчиненными предложениями на презентации — это свинство. А то, что они инженеры, не гарантирует, что они могут и хотят вникать в непрофильные тексты.",negative
"Не согласен со вторым и четвертым пунктами. Если бы я работал в центральном офисе и выезжал на встречу с инженерами в первый раз, то, скорее всего, инженеры из Воронежа про меня и мою команду почти ничего не слышали. Даже у интеллектуальной аудитории, которой являются инженеры, найдутся и те, которые хотят изучить материал и попробовать применить его в своей работе, и те, кто уже сформировал свое мнение еще до начала моего выступления и уже готов его высказать.",negative
"Я не поняла, почему им нужен повод для высказывания. Разве лекция не для того, чтобы они потом какие-то действия предприняли или поразмышляли?Не поняла, как узнать: оценят скрытые цитаты или нет.",negative
"Тоже инженеры-железнодорожники кажутся образованными людьми, но технарями. Поэтому момент с высказываниями в курилке и цитатами спорный.",negative
"ну нет, не верю... видя копеешные зарплаты и дикую текучку на МОЭК, видя, кому удается ""зацепиться"", а кто плюёт и уходит, не верю, что в РЖД сильно лучше",negative
"Здесь скорее всего не хватает вводных. Если человек едит первый раз, то у него не может быть кредита доверия (он первый раз, и , несмотря на то, что он представитель центрального аппарата, этого может не хватить). Если эта аудитория - зануды, то скорее у них должен быть вариант, как для курилки, так и вариант для далнешейго осмысления ( и второй для такой аудитории может быть важнее).",negative
Когда просишь показатьнесовпадения - белая/синяя палитра не алё.ИМХО зеленое/красное внятней,negative
"Мм... Я нажала ""покажите, где ответы совпали с вашими"". Половина посерела половина посинела. А... А какие совпали-то?",negative
"Уточнение «ваша первая командировка» сбивает аж в двух местах. Получается, что по вашей логике это новая аудитория для выступающего, но знакомая компания для слушателей. Про второе можно догадаться, но первое понять без подсказки почти невозможно. Не хватает местоимения. Почти никому не достаточно четко сказать один раз)",negative
Так подать или пРодать чёртову ручку?,negative
"Подсказка с совпадением вариантов тут неправильно работает. Мне показала, что в в.1 ответ Б с моим не совпал с вашим правильным.  А в результате, он защитался как правильный. Если только это не уловка :-)",negative
"Первый вопрос какая-то прям ловушка, начинаешь читать рекламу в виде стишат, и мгновенно думаешь - ой, нельзя ли нормально, что за скидка, сколько и на что, что это за дурацкая прелюдия. И я вот упустила упоминание семи процентов скидки, потому что читала по-диагонали, аналитический ум искал аналитический текст.А потом пробуешь озвучить этот текст и понимаешь, что в нем и Суть, и цепляющая внимание рифма, действующая на запоминание. Но все равно - буэ) Хотя вы старались.",negative
"Я бы добавил в список пустой вариант по дефолту. Тк сейчас прослеживается паттерн, что нужно выбрать противоположный вариант.",negative
"Не согласен с ответом в первом задании. Да, там упоминается о том, что скидка в семь процентов. Но легко отвлечься во время прослушивания целого четверостишия. В итоге будут запоминаться только ""Супер скидки"".",negative
"Не согласна, что в вопросе ""Что полезней покупателю"" ответ про скидки в стихотворной игривой форме корректен (судя по тому, как сработали подсказки). Мне как покупателю полезнее кратко и по делу. Без игровых отступлений, в которые еще нужно вслушаться/вчитаться, распознать полезное знание и усвоить.",negative
"Офигенное задание! Прям показывает, насколько мозг привык к тому, что надо легко и просто, а на самом деле даже стишок может быть полезнее, чем обычный текст.",positive
"В первом вопросе первый текст также кажется полезным, потому что суть вынесена вперед. Во втором покупателю слишком долго нужно добираться до нужной ему информации.",negative
"Вам не кажется, что в 3 задании оба текста несут одну и ту же мысль? Херачили-херачили, но больше не заработали. А первый текст при этом читать проще, имхо.",negative
"Вот уж задачка...Нет, держусь и не буду делиться ссылками на фейсбук-аккаунты авторов курса.И так непросто выдергивать из контекста лаконичные отдельные фразы...Очень хотелось бы видеть, кого крутого посоветовали почитать другие участники курса.",positive
"Непонятно, почему 0 и точно ли определились цитаты, в нужное ли место я их вставила.",negative
"Чутье не подводит, спасибо, что без эпитета ""вкусный"" (набившего аскомину, хах). Здесь должна быть ссылка на Нору Галь:)",positive
Не хватает примеров как исправить мертвые фразы,negative
"Не понял, что живого во фразе ""Если все сосредоточатся"". Если долго мучится, что-нибудь получится — такое же клише, как благодарю за обратную связь.",negative
"Странное задание. Если в списке есть несколько людей, за которыми я не слежу. Как в таком случае я могу понять какая цитата к ним относится. В чем цель этого задания, выучить цитаты великих?",negative
"Странное какое-то задание. Зачем мне угадывать авторов всех этих высказываний? Я их нагуглила, конечно, но смысл задания не поняла :)",negative
Ссылка на vk.ru - это какой-то юмор?),negative
"Не смотрю интервью бизнесменов ""про жизнь"". Считаю, что там про себя и про бизнес слишком мало, чтобы смотреть (а расшифровывать в текст по каким-то причинам это обычно никому не надо). Но обращу внимание.",negative
Подсказка не отобразилась.,negative
"похоже, тут подсказка отвалилась, не выводится. или её и не было, тогда галочка - лишняя)",negative
"Гы. Тут не хватает цитаты из высказываний БГ и меня. :-)Это упражнение - скорей иллюстрация того, что неважно, кто сказал; главное - что мысль передана верно, я правильно понял?И вот для таких, не всегда очевидных результатов, предлагаю там, где написано ""Вы набрали..."", помимо баллов,втыкать простенькую формулу, сообщающую ПОЧЕМУ так вышло. Часть вопросов отпадёт.",positive
вообще не поняла почему стилистически эти 3 примера должны отличаться.,negative
"Интересно, по какому критерию была выставлена оценка 40 из 60?",negative
"Ну, тут можно поспорить. Сейчас все-таки начали писать объявления человеческим языком и на этом фоне ""будьте любезны"" и ""электротранспорт"" уже больше похоже на шутку или легкий сарказм и скорее это напишут в креативном кластере, а не ""очень вас просим""",negative
Какая прелесть),positive
"Я понимаю, что есть коллеги, который так общаются, но первый вариант мне ужасно неприятен. А его пришлось выбрать, потому что из контекста понятно, что другие варианты заняты. Если ""в жопу засуну"", то это не начальник, а хамло. А если начальник, то пусть бы он как-то поработал над способами выражения фрустрации!",negative
"Смешная задачка, но я бы не стала писать коллеге про жопу и весьма удивилась бы, если бы мне так написал начальник, хоть у нас и тоже вполне себе неформальное общение в коллективе.",negative
"Заломали меня. Я с Мишей такими словами не говорю ((( Но выбрала, раз уж вариантов не нашлось. Кстати, кажется будет веселее выбирать если в вариантах ответов будет больше чем вопросов. Пока кажется что достаточно как кубики распередлить выпадашки по одну разу без повторений. Но кто вас, коварных :-) , знает - может пока не видела задания с таким выбором.",negative
"""не оставляйте транспорт"" не согласуется с ""переместить их""",negative
"Несогласованность у вас в ответе, обозначенном правильным : ""не оставляйте ЭЕЛЕКТРОТРАНСПОРТ""... ""мы будем вынуждены переместить ИХ"". Ну и понятие электротранспорт - кажется попроще для понимания людям из креативного кластера, может, оно предназначалось для третьего варианта записки? А посетителем отелей - проще понять перечисление.",negative
"Я не буду писать своему коллеге, тем более подчиненному, таким слогом. Даже неформально, все можно сделать вежливее.",negative
"Если бы коллега написал мне такое письмо, я бы разозлилась",negative
Письмо к коллеге — огонь! Прям проорала),positive
Что такое ЧПХ? :-))),negative
мем про Наташу повеселил:),positive
про хабр смешно,positive
"не очевиден контекст в второй задачке. прежположил, что пишет коллега и у его потребность сделать всё как можно скорее забив на результат.",negative
"В третьей задаче я предположила, что презентацию о мероприятии посылают для того, чтобы человек это мероприятие посетил.",negative
Неудобно форматировать текст в экселевских ячейках (,negative
"В жизни бы не стала писать по таким ТЗ) Не понятно кому, куда и для чего это пишется. Во втором представила, что пишу директору после созвона с клиентом",negative
Очень сложно выбирать без контекста. Чую подставу :-),negative
"Нечего себе! 50 из 50 с первого раза. Я, видимо, умный.",positive
В третьем пункте ошибка или нет?,negative
"А почему Как выбрать справочный ресурс это не обращение к читателю? Если пункты Как выбрать, Как переименовать - обращения?",negative
"""Как выбрать справочный ресурс"" - по логике, тоже должна стоять галка. Поскольку это тоже действие пользователя.",negative
"""Что такое короновирус и как он передается"" - это не обращение к читателю. Галочка не нужна.",negative
"Начиная со слов ""Жителям Санкт-Петербурга"" - это подсказка, с какого места исправлять, или условие ""Оставить формулировку ""Жителям""?",negative
"Сначала подумала, что абзац должен начинаться со слов «Жителям Санкт-Петербурга», только после разбора поняла, что это не так",negative
"Облезлый Петербург как в ""Брате"" - запятая перед как",negative
"Если формально выполнять задание — отвечать на вопрос, где автор обращается к читателю, — ваши ответы будут верными. Но если говорить «что читателю будет интересно прочесть», то первый текст — это весьма интересная история, за которой хочется следить. А вот «Я нахожу полезное там...» — напротив, самолюбование, которое не слишком приятно читать даже в постах у друзей",negative
"Предпоследнее: ""я бы хотел сказать"" - это обращение.",negative
"Смущает запятая в ""Не то, чтобы""",negative
"Представимся вам vs. Познакомимся с вами  - спорная оппозиция. Когда мы представляемся вам, это мы прикладываем усилия, чтобы вам было удобнее. Вы просто сидите, а мы попляшем для вас. А вот Познакомимся с вами - это лично мне звучит как ""ну, мы еще на вас посмотрим"".  Дело субъективного восприятия языка.",negative
"Очень лень переписывать текст, если ты в нем уверен. Добавили бы галочку ""Согласен с первоначальным вариантом"".",negative
Хотелось бы тут напоминание написать еще короче,negative
"Сами по себе фразы на удаление, которые вы выбрали, пустые, конечно. Непонятно, как удалять: по принципу их пустоты или так, чтобы оставшйся текст сохранил связность?",negative
"В логике повествования, скомканном финале тоже редактор виноват.",negative
"Аааа! Всё же хоршо, что у меня не было ЕГЭ! ""тожезато"" - это machine reading, я понимаю. А выглядит как неологизм. Интересно, куда в нем ударение приходится? Я почему-то на предпоследний слог поставила - ""тожезАто""))) теперь сижу и рыдаю от хохота.",positive
Мало! :),positive
"Слишком много символов для засчитывания правильного ответа. если не написать академию наук, то получишь о баллов)",negative
"А чем это мне словарь «Слитно? Раздельно? Через дефис?» не будет полезен? Можно, конечно, и большой орфографический, но он все равно уже есть в грамоте. А с дефисами постоянно проблемы и вопросы",negative
"А чем плохо? Я же корректор, мне надо. Тут и орфография и падежные формы. А то такого понапишут. Управление, падежные окончания - самая проблема.",negative
"Про статью вообще не поняла - этим способом кто-то пользуется??Знакомая с двумя дипломами филфака пишет еще менее грамотно, чем я:(Про ""Орфограммку"" узнала впервые (у меня в работе только ""Grammarly"") - спасибо за наводку.",negative
"Ни фига - грамота.ру в ошибках не замечена. И Дитмар Эльяшевич тоже! А дипломы филфака, например, по техническим средствам обучения в южно-славянских языках ни о чем не говорят.",negative
"А вот уверена, что ответы неправильные. Я постоянно сомневаюсь в том, правильно ли написала, и, прежде всего, обращаюсь к грамоте, потому что там понятное объяснение Розенталя. К Розенталю в первую очередь вообще нельзя обращаться, потому что он нечитабельный. И вообще этот вопрос был субъективным: в подсказке спрашивают, на что надежнее ссылаться, когда спрашивают? Я знаю, что в большинстве случаев на Грамоту надежнее, потому и ссылаюсь. То есть надежность - вещь субъективная.",negative
"Оставить после курса - после какого курса? Логично предположить, что если хотите скидку на курс №2 - оставьте отзыв на курс №1 (который уже пройден). В разборе этой задачи почему-то предлагается сделать наоборот...В Google понятно, где отзывы оставлять - в выдаче в первом результате есть раздел ""Отзывы"". А в Яндексе непонятно...",negative
"На самом деле я бы поменла вообще всю структуру письма. Тут же основное не то, что Анна Алексеевна запускает курс и хочет отзывы, а то, что можно просто написать отзыв и получить курс вдвое дешевле. Логика другая. И разве редактор не должен править и логику тоже?",negative
"Я иногда пишу ""стиль скачет"" (фигурально выражаясь, конечно). И могу спросить ""А что такое CKTV?"" Всё потому, что я ненастоящий редактор, и для меня эта работа все же скучновата.",negative
"Если ненормально, то и без вопроса редактору скажут. Вопрос, скорее, начинающего автора.",negative
"3 года я работала с 3 редакторами в одном СМИ, это был пир духа.",positive
"Вот проблемы с логикой у автора редактор убрать не может. Логику изложения проконтролировать и даже поправить - пожалуйста. Так что дайте редактору текст второго задания, пусть он вставит слово ""изложения"" :)",negative
Условие задачи не поместилось.,negative
"Вот я лопух! Видно же во второй задачке, что много лишних слов:).",positive
"Кажется, что-то потерялось: http://joxi.ru/gmvYxWgFv5Yl3r",negative
"Тут уже речь о tone of voice, как я понимаю? в последнем бы было не""Вот спасибо!"", а скорее ""ясно, понятно"".",negative
"Ну, радикальные ""спасибки"", особенно ироничные хорошо группируются. А благодарности за нормальную работу, которая и должна быть - дело не только вкусовое, но и от общего стиля в компании зависят. Если, например, есть большая разница в возрасте, или дечушка застенчивая...",negative
"Ваши ответы правильные, конечно, просто я всегда преувеличенно всех благодарю и удивляюсь, что вообще что-то сделали. Поэтому без восклицательных знаков обойтись никак не могу.",positive
"А хэлпер - это не инструкции что ли? Написал хорошие инструкции, хоть в какой форме - и твои агенты работают как часы. Ага, развернутые инструкции - и без редактора, эксперта - ну вы и экономите. ""Задача не срочная, но важная"" - и уложиться в две итерации?",negative
"Я предпочитаю даже срочное согласовывать, чтобы не было факапов.",negative
"только ""про запись НА тренинг"" (в постановке задачи)",negative
Несмотря на срочность корректору все же стоит показать. Как раз из-за срочности возможны смешные очепятки,negative
"Собственно, варианты 2 и 3 в постановке задачи не очень-то и отличаются. И зачем нам 10 итераций, когда у нас отличный писатель :)",negative
"вот эти ""вкусно, тепло"" прям уже бесят))",positive
"Так если это мой голос, а не голос компании, как в нем могут неправильные ответы?",negative
"Ключевые слова - ""научиться"" и ""хорошие"" :)Самое сложное - договориться о критериях ""хорошести"" и поиметь мотивацию учиться. Мне-то деньги платят за писание, а коллегам - за кодирование. Поэтому трудненько ""продать"" им идею про прокачивание навыка писательства. Сразу ""а зачем мне это?""Ну хоть вообще само действие ""писать поясняющие буквочки и отвечать за смысл"" потихоньку начали осваивать, спасибо им и на этом :-) Причем относится это к нашим, доморощенным. Иностранные коллеги спокойно и комменты, и документы пишут, и DocOps-овские задачки решают.",positive
"""Современный"" включает в себя ""надежный"" :)",negative
"Ответы правильные, просто я писала бы иначе. В первом вопросе что-нибудь посередине между официальным и разговорным, в стиле ""Добрый день! Завтра встречаемся UX-писателями. Это важно, потому что нужно доделать проект до конца. Потребуется ваше мнение, приходите!"". Потому что в моей конторе все жутко серьезные, но уже привыкли к тому, что я говорю так, как на ум взбрело. Так что надо соблюдать стиль. А про банк мне вообще не понравилось ни то, ни то. Современность, что ли, настолько плоха, что ни о какой надежности речи не может быть? Протестую.",negative
"По части критериев сделать выбор очень тяжело, особенно в корпоративной половинке таблицы.Не могу говорить за отдел маркетинга, но на мой взгляд компания гибка в части представления себя. И это сильно зависит от сегмента рынка, которому адресуется информация.",negative
"Спасибо за цитирование, книжка очень полезная. Пытаюсь подкатить к нашим продукт-менеджерам с предложением создать Voice & Tone гайд, а то с новыми продуктами уже начинается ""кто в лес, кто по дрова"". Пока что отмахиваются,  но я же учусь в аргументы!)",positive
"А что делать ""умным и красивым""? Вариант ""не знаю"" как-то не очень...",negative
"Это не фейк? Это ж даже не Call to action. Это какое-то НЛП низкопробное:( Прямо ""День выборов"".",negative
"Вначале я думала, что мне это показалось. Но теперь все-таки осмелюсь сказать - в задачах довольно много оценочности. Это не плохо, не минус. Это факт. Но оценка часто залинкована на эмоцию. Вот тут мы говорим, что пинать конкурентов нельзя (и как бы я хотела жить в мире, где все так думают). Но вот можно! Точнее, не запрещено. Нет добра и зла. В бизнесе есть то, что работает. И, к сожалению, как бы мне ни было страшно это признавать - ""вот это"" работает. Выживают и выплывают только самые язвительные шеймеры-хейтеры. Можно долго обсуждать вопрос, что пора все менять, ""кто если не мы"", ""не нужно проявлять слабость"" и прочий кал (спасибо Бёрджессу за это выражение). Но реальность для ""пишущего для бизнеса"" человечка иная. На место одного райтера претендует 30 человек, готовых на все. И это ""всё"" приносит деньги. И надо сказать, что эти деньги идут на полезные инновации. Российские банки (ну раз тема у нас тут банковская) лучшие в мире, это лидеры диджитализации и, что иронично, клиентоориентированности. Они рвут друг другу глотки, и в этой крови рождаются новые конкурентоспособные идеи. Мне этого не понять. Я смирилась. Насчет вранья согласна. Просто нелогично врать и манипулировать, когда вокруг много конкурентов, которые только и ждут, когда ты оступишься. Так что в задаче действительно очень пример с очень странным поведением компании.",negative
"Адрес удалил, потому что это же пуш, просто так на ссылку не нажать.",negative
Хорошая задача,positive
"Мне кажется, последние варианты — днище (заг и кнопка никак не связаны, про регистрацию говорится только в тексте под заголовком). Но в таком варианте задания с каждым новым вариантом задачник поощряет: «вот так лучше, молодец». Все взрослые и всё понимают, но как-то это не очень полезно. Разве что задача — не тексты проработать, а достичь нирваны :)",negative
"Нашел опечатку в задаче про смайлики.""А еще говорят, что смайлики повышаЕт конверсию"".",negative
:),positive
"Ой, не хочу верить в то, что смайлы повышают конверсию. Но, признаюсь, тяжко, я так и не поняла, что да как нужно делать. Вообще, переоценила свои пособности, думала, что лучше разбираюсь в том, чем занимаюсь. Но учеба на то и учеба, чтобы узнавать новое, так что не время вешаться.",positive
"В задании ""Проинвентаризировать тексты всех ошибок и подсказок"" если кликнуть ""Сравнить ответы"" и потом пытаться вставить новый вариант, ни один из трех не становится синим.",negative
"На мой взгляд, ""Если пользователи не разберутся, то они или забьют на наш продукт, или загрузят техподдержку вопросами."" звучит страшнее всего. И это единственный вариант, хоть как-то подсвечивающий ""риск"".",negative
В примере 3 что-то с форматированием - ни один вариант не подсвечивается. Надо починить.,negative
"В варианте ""Проинвентаризировать тексты ошибок"" нет правильного варианта",negative
"Мне кажется, у вас для третьего текста не записан правильный вариант, потому что в режиме тренировки какой бы ответ я ни выбирала, он там показывал ошибку",negative
"Какой ответ не поставь в ""Проинвентаризировать тексты ошибок и подсказок"", правильный ответ не высвечивается.",negative
"В тексте рассылки написано, что шутить в сообщениях об ошибке нельзя, и в подсказке к этому заданию указано, что шутить, когда пользователь раздражен (а при ошибке он скорее всего раздражен), нельзя. Почему тогда этот ответ указан как правильный? По тем же причинам не согласна с уместностью шутки при восстановлении пароля - человек и так огорчен и раздражен, что убил кучу времени и попыток, но не может войти в нужное приложение или сайт.",negative
"В форме обратной связи - однозначно ли раздражён пользователь? Может, у него креативная идея по улучшению возникла?) Плейсхолдеры тоже разные бывают, знаменитый Иван Иванович Иванов тому примером. Лично меня бы Христофор Бонифатьевич Врунгель больше устроил.",negative
Что за красненький флажок!?,negative
"А чего б не пошутить в подписке на рассылку? Глядишь и заинтересуете кого. а в плейсхолдерах можно и дошутиться до того, что пользователь тоже начнёт в обязательных полях шутки шутить с непредсказуемыми последствиями.",negative
"Про главврача, честно говоря, непонятно.",negative
"Для меня ""не отсвечивать"" - это быть наготове, быть рядом, но не перекрывать и не утяжелять флоу пользователя. Если это онбординг, то да, можно дать больше информации. Но мы говорим про интерфейс. Фигма и Фотошоп очень перегружены элементами. Поэтому задача UX-команды посместить подсказки так, чтобы они были всегда под рукой, но не лезли изо всех щелей. При этом сложной для восприятия информация тоже не должна быть. Для этогот есть туториалы и видеоуроки. Подсказки должны решать одну локальную задачу.",negative
"Ага, малому бизнесу не разжевать - хрен что выйдет! Вы с ними встречались ли? А главврачу что, не нужно максимум информации, даже если он ничего не понимает в бухучете (а должен :) ). А фотошоп, изложенный ""птичьим"" языком, даже я не понимаю.",negative
Про графический редактор непонятно/неочевидно.,negative
"Странно, что  со стороны не анализируешь какого рода материалы у тебя в работе.",negative
"Почему только 10 баллов? У все же свои данные.  А может, у меня нет своего варианта.",negative
"Как тут можно набрать не все баллы, если это индивидуальные ситуации?)",negative
"Странно получать баллы за это задание, учитывая, что все ответы совпадают с вашими. Где правда, брат?",negative
"А как эта задача оценивается? Кажется, что это не ответ на задачу, а заполнение полей анкеты. Все равно что спросить, как вас зовут, и давать баллы за все имена, начинающиеся на буквы с «А» по «К».",negative
"Вы спрашиваете про мою работу. Я соответственно не отмечаю все галочки и из-за этого у меня меньший бал. Считаю, что в таких заданиях вне зависимости от выбранного должно даваться максимум баллов, а лучше 0 из 0.",negative
Придумать пять адресов или указать пять адресов?,negative
"Тут тоже же работает принцип ""продай свой сервис"", а значит  необходимо переделать эти же скучне колонки в интересную инфографику. Я за то, чтобы редактировать все окна.",negative
"Звездочки это же как раз те самые состояния элементов, почему их надо делать в таблице? И, по-хорошему, ими вообще не писатель должен заниматься: дизайнер рисует внешний вид и разные состояния, разработчики тянут значения из базы данных.",negative
"Почему звездочки нужно писать отдельно, а не править в макете? Не поняла. какие ответы правильные.",negative
Зачем звездочки (блок 3) - в таблицу? Они же по размерам не отличаются.,negative
"Разве не нужно отредактировать текста во все 5 блоках, начиная от той же читабельности до выделения самого важного? Раз у нас тут книжный магазин, значит мы нацелены на продажи. Без внятного и привлекательного интерфейса вряд ли что то будет продаваться.",negative
Опечатка: расТяните столбец,negative
"Тут зависит от того, насколько продвинутый магазин)) То есть, откуда подтягивается инфа об остатке на складе. В идеале, тоже из базы или таблицы. То есть, это точно не нужно менять в макете каждый раз, как обновляется количество книг на складе. Это должно быть автоматизировано по идее... Ну или я не так поняла задачу",negative
"А зачем блок 1 запихивать в таблицу: отправил дезигнеру текст, и пусть оформляет. А в блоке 3 наоборот - нужен корректный текст, дизайнеру всё равно (вот в примере фигня какая-то: и домой бесплатно, и в пунк выдачи бесплатно, хотя домой, как правило, удобнее).",negative
"Что-то я в этот раз ""несогласная""))) Простите, пожалуйста. Дело в том, что не очень хорошо, если в такие макеты попадают реальные контакты и адреса. Ну вдруг что! Вдруг окажется, что на пр. Кима 3 в 86 квартире (а 33 квартира это ОКС) действительно проживает 14 летняя Алина. Это уже попахивает судом. В случаях с номерами телефонов тем более допустимы болванки.",negative
я не поняла сути задания,negative
С 33-й квартирой в адресе не очень понял.,negative
"Написала по подсказке ""Курсы"", но хотела либо оставить исходный заголовок, либо взять ""Для начала"". Эти варианты тоже подходят. Ведь мы не знаем, ЧТО за подборка на этой странице. И совершенно нормально предлагать вводные и начальные курсы новичкам. И вот им как раз заголовок ""Курсы"" ничем не поможет. Тут важна привязка к юзеру. Если мы понимаем его флоу, то даем заголовок, который ведет его, помогает ему, облегчает жизнь. ""Курсы"" жизнь не облегчают, а усложняют выбор. А подборка ""Для начала"" успокаивает и помогает начать. Как-то так.. Простите за #многобукв.",negative
"Ну в п.1 перечень же! Предложение. ""Лучшие курсы"" - слишком рекламно. Просто ""курсы"" - неинформативно. ""Для начала"" и ""С чего начнете"" (""И так годится"") не годятся, потому что в перечне есть очевидно продвинутый ""авторский"". По п.3: важно знать что делать, информация о времени не столь критична, чем выход из системы не дождавшись окончания обновления",negative
"Не равновесные опции для ответов. В первых двух случаях я даю определение тому, что вижу, а в третьем - команду системы.",negative
"Думаю, что во 2 случае вообще нет удачных вариантов: от просто ""Ошибка"" или ошибка с кодом (""Ошибка 12345"") пользователю понятнее не станет. Надо тогда уже писать, в чем эта ошибка заключается, а потом в тексте ниже объяснить, как это исправить.",negative
"А вот ""Попробуйте еще раз"" ничуть не хуже ""Ошибок"", извинялок. Ведь понятно же, что что-то не так, раз предлагают попробовать еще раз. А сообщение типа ""ошибка"" как раз неинформативно, не ясно, что дальше делать.",negative
"Опечатка в слове ""теперь"" . Все платежи теперь собраны в один раздел.",negative
"Что же не так с Копирайтером? Числа лгут? Но ведь я могу (теоретически) пойти и посмотреть все 315 вакансий.И максимум по рынку наверное и не с полока взят, а математически.Либо я чего-то не знаю про hh.ru и иже с ними ...",negative
"Любое приложение или интерфейс - это среда. Иногда еще и экосистема)) И некоторые формулировки ""из мира вообще"" могут быть лживыми, но внутри CRM-ки, например, вполне ок. Вот эта ""Вы сделали все дела на сегодня"". Она говорит, что человек выполнил все задачи, которые на него накидали коллеги и он сам. И справедливо ему об этом сообщить. Можно переформулировать ""Вы выполнили все задачи на сегодня"" или ""Всё! Пора отдыхать. Задач на сегодня больше не осталось"". Но в целом звучит дружелюбно и не лживо.А вот ""Купить"" и автоматчески проставленным флажком это уже маленький, но обход системы. Пусть это доп. шаг, но я считаю, лучше отжать флажок, чтобы человек хоть на секунду задумался ""а оно мне надо?""И ""Деньги спишутся после получения"" не равно ""Защита платежа"". Человек может подумать, что речь идет о защите его банковских данных. Я бы назвала ""Защита покупателя"" или ""Списать после покупки"".",negative
Я просто здесь что-то не поняла.,negative
"А ""защита платежа"" разве не включена? И объяснение того, что это значит есть. Про корзину, кажется, понял. Хотя честно же говорят - искай, сука!",negative
"Вот опять же с поводом для высказывания и пищей для размышлений - мне кажется, что тут можно ориентироваться на оба варианта. Что-то они будут обсуждать, а что-то примут к размышлению или к действию.",negative
"Я решительно не понимаю, что требуется в этой задаче. Реальный пост и реальный текст? структура? чертовы эмодзи(да можно вообще без них!)",negative
"По поводу дизайнера, который сверстал страницу. Дизайнер? сверстал? Вы имеете ввиду макет-прототип или прям сверстал? Просто я кроме себя не знаю дизайнеров, которые и сверстать могут. Вообще бесит, что сейчас у нас в прототипе тоже верстка. Верстка — это когда html, css и немного java script. А макет — это рисовалки... Но, наверное, это правильно, «сверстал». Просто в контексте дизайнера может быть понято по-разному, неудобно.",negative
"дала всеответы - а мне влепили ноль, то есть они неверные? а какие верные?",negative
"Текст дополните, пожалуйста, комментариями, где взять список ""горячих"" клавиш, если ctrl + win не сработало.",negative
"Как написать, что клиент не прав и ругается - ума не приложу))",negative
"Второй довод - так себе, ИМХО. Очерняем конкурента вроде как)) Решила не использовать",negative
Я бы вообще не отвечала на такое письмо.,negative
"Задача не очень полная, мне оплачивали этот проект ил",negative
Для такого достойного кандидата очень слоно написать отказ(,negative
"В разборе, на мой взгляд, ответ дается не тому кандидату, который описан в условиях задачи. Если кандидат отличный (но просто не обучен), как вариант -  договариваться о взаимодействии, если будут новые вакансии и вызванивать через год-другой. Рекрутер может предложить кандидату списаться в соцсетях, чтобы иметь его в виду на будущее и следить за его успехами.",negative
"Не оченьь понятно, ""про этот"" - это про какой)",negative
Не смогла,negative
"Моей статье, скорее всего, не подойдут креативные заголовки))",negative
Минутка занудства. тут больше чем 5 полей.,negative
"Угадать цели для всех текстов не получится. Я бы хотела, чтобы читатель оторвал попу от стула и сходил погулять в Нобелевский городок, если он ещё не. Выбрала максимально близкий вариант из предложенных.",negative
"В вашем письме ошибка: ""Задачи 113-115, в которых нужно прокастинировать →"".  (Прокрастинировать)",negative
"Ну почему нужно искать самим((( Для меня это сразу убивает самооценку, уже третий день пытаюсь подступиться к этому заданию. Когда в каком-то прошлом уроке было задание найти текст рекламной рассылки, я искала ее около часа. Да, написано берите первую попавшуюся, но это невозможно. В итоге усилия и время идет не в то русло, в которое хотелось бы. Предлагайте для таких, как я, какой-нибудь готовый вариант. А тот, кого он не устривает, пусть ищет себе сам подходящую рассылку или текст из статьи)",negative
"Во втором очень сложно было понять, что же не так.",negative
"А вот не знаю снова)) Где ""тема очень серьезная и долгая""... Мне кажется, он сказал не это. Человек же раздражен, значит мог иметь ввиду, что девушка действительно верит в то, что с её слайдами всё в порядке и лекция продлится еще долго. А тема ему при этом могла и не показаться серьезной.",negative
"А там, где ""лекция была одной из многих"" — это разве не личное впечатление, например? Ну просто почему многих? А много это сколько? Может автора выбесило, что это уже вторая такая лекция. А может 10я и тогда реально многих. Но это я считаю, что 10 паршивых лекций — это много, а для кого-то это только начало ;)",negative
"На мой взгляд, предпоследнее - снобизм)",negative
"Ну у вас как-то прям настолько лучше, что я даже переписывать не буду))) Вроде суть то уловила даже в моих вариантах.",negative
"Не справитЬся, а справится",negative
"Выгодность рассрочки то тоже еще доказать нужно! С чего это она выгодная?? Она там ДО 12 месяцев без процентов - так что это ничего нам не доказывает, может там месяц без процентов всего. ""Сами видите"" не подставить. И это...ну...""быстро справиться"". Интересно, вы специально небось?)))",negative
"Я бы пояснила больше прилагательных. Даже те, которые кажется о контексте. Российской зиме тоже можно дать пояснение. Городов много - зима везде разная.Профессиональный исполнитель - что доказывает его профессионализм и что является мерой его профессиональности. Что значит сложная задача? Та, с которой не справились другие 10 человек?Заранее определенными - что значит заранее? Это за сколько?",negative
"Российская зима,  она разная, одно дело Краснодар, другое Башкирия, третье Нарьян-мар. Поэтому я бы предпочел больше деталей, какая она Россейская зима",negative
По привычке докапывалась как редактор)),negative
"Мне здесь непонятно, что должно последовать дальше и для какой цели мы пишем это предложение. Поэтому непонятно, в какую сторону улучшать.",negative
я не понял какой текст улучшить,negative
"2. Гугл и Яндекс — разве ресурсы?пришлось точками ""....""  ""добивать"" количество знаков, чтобы получить максимальный балл.возможно, лучше написать ""в порядке убывания авторитетности"", ведь может быть ещё ""в порядке возрастания авторитетности""что-то второй разбор совсем ничего не прояснил... ещё подумав: юзабилити - дно((",negative
"""1. ранее пройти любой..."" - лишнее. И без него тексту легче.Непонятен механизм выставления баллов в этом задании. За баллами не гонюсь, просто интересно :)Классно, я отметил для себя что надо разбивать текст на предложения и так легче анализировать1. Логически не очень понятно: сначала пройти курс, написать отзыв, а потом тебе вернуть 50% стоимости на карту. Или авансом дадут скидку 50%?",negative
"Ну и варианты ответов очень субъективные. Все зависит от принятого стиля общения с тем или иным сотрудником и стилем общения в самой компании.Возможно моя жизнь скучна, но мне трудно представить себе человека, использующего такое количество оттенков благодарности... Хочу благодарить UX-писателя огромным спасибо и буду >.<Вместо ""Вот спасибо!"" к последнему у меня есть много разных слов. Правда ""Спасибо"" среди них нет)))первый пример для меня был самым сложным из всех, возможно, его стоит перенести в конец (но в этом случае потребуется разместить верный ответ слева, чтобы предыдущие ответы не ""подсказывали"")Хорошо бы и реальные ответы совпадали с вашими.Почему первый вариант не может быть комментарием редактора? Не поняла, почему редактор может оставить коммент ""так нормально получилось""? Это то есть он переписал часть текста?Вопрос про ""Так нормально получилось?"". По идее ведь редактор и говорит, что нормально, а что нет? Кого он спрашивает, нормально ли?Баллы мне снизили, а меж тем, на мой взгляд, предложение",negative
"Благодарить в таком случае просто глупо. Достаточно дать понять, что позицию автора понял и искать нового. Возможно, это прозвучит жестко, но незачем тратить время и эмоции на людей, которые нарушают договоренности.",negative
"Конечно, дизайнер может это сделать и после получения готового текста, но именно автор текста может подсказать, на что на схеме сделать основной упор.Если это сложная система, причем настолько, что возникла проблема с нагрузкой техподдержки, в хэлп будут заглядывать часто. Поэтому к его созданию и редактированию нужно подойти ответственно — не забивать на редактуру и корректуру, на вычитку экспертами, на правки. А раз задача не срочная, то и итераций мы можем позволить себе несколько. Поэтому с некоторыми вашими вариантами я не согласна.слово ""лайвхак"" в письме не упоминалось, поэтому ""пользуйтесь нашим лайфхаком"" вызывает панику из серии ""аааа, я что-то в спешке пропустил!"", но потом при перечитывании ничего не находится и начинается неуверенная угадайка ""наверно, они имели ввиду этот пункт..."" не комфортно.Последний вариант.",negative
"В задании не совсем верно определена аудитория. Письмо придёт не всем пользователям Почты, а только подписчикам Яндекс.Плюс, которые пользуются другими сервисами Яндекса, но в Музыку не заходят или заходили давно.""на обслуживании малых производств собаку съела"" - это ли не враньё, от которого вы так открещивались в первых уроках? неизбежные ошибки роста клиент простит новичку, понимая, на что идет, но от тех же ошибок понтовой компании - его будет бомбить в соц. сетях.А чем плохо описание цели текста про железки? Нам ж нужна новая аудитория и т п. Может мы вообще честно скажем, что недавно на рынке. Мы тоже не можем съесть собаку еще на этом,а зацепить новых людей и подводить к целевому действию - это хорошо..В этой задачке так много «но». Если автор, дизайнер и корректор сидят за соседним столом, а письмо и посты маленькие, то почему бы все-таки не показать? Корректура сейчас нужна практически всегда - везде очень много ошибок, особенно грамматических. Плюс учитывать важность этого параметра для аудитории. Для отдельных форматов можно не заморачиваться. По условиям этой задачи, потенциальные участники вебинара могут быть чувствительны к этому вопросу (неграмотный текст - неграмотный специалист).Даже если нужно срочно, нельзя забивать на вычитку и проверку верстки — а вдруг копирайтер забудет какую-нибудь важную деталь? поэтому с двумя вариантами я не согласнаПрочитала и сразу выпрямилась.мне кажется задача ""хотим снизить нагрузку на тех.поддержку"" слишком общая, и ее можно добиться разными способами. Да еще и придется измерять как то эффективность этих способов. И способы могут быть разными, к примеру можно, написать что то такое, после чего клиент перестанет пользоваться продуктом, формально задача "" снизить нагрузку на тех. поддержку"" будет выполнена. Можно так дооптимизироваться, что у всех нагрузка пропадетДумаю, если планируются инструкции по системе, то лучше их готовить в паре с дизайнером. Потому что он может продублировать или даже заменить часть текста с помощью пометок на самих картинках. Например, он может подготовить скриншот интерфейса, нарисовать поверх стрелку и написать, что такая-то кнопка делает то-то и то-то.",negative
"Судя по баллам - нужно было не так)В последнем ни один из вариантов. Я считаю, что не каждому человеку хватит ума и желания понять, что вы хотите донести, и еще и использоваться потом это в деле. Но очень уж высокопарно это написано.",negative
"Страховой агент читает от и до, три раза! В такого размера группе коллег наверняка найдутся желающие повыеживаться в комментах. Или - люди, которые хотят разобраться. Комментарии неизбежны. Желающие найти повод для комментариев будут. И условие задачи вполне может подразумевать первую встречу с замечательной настороженной группой. Если хотите предусмотренного ответа добавьте инфы в задание: типа вы постоянно ведете",negative
"Хотя компания и организует ярмарку каждый год, выпускники каждый раз новые, и они скорее всего нас не знают и не участвовали в предыдуших ярмарках (потому что не были выпускниками), поэтому кредита доверия нет.Выпускники обычно ценят выверты со скрытыми цитатами и отсылками больше, чем замотанные жизнью взрослые, которым нужно давать максимально очищенную информацию. А университетская литература обычно изобилует сложными грамматическими конструкциями и прилично объемная, поэтому со сложными предложениями и талмудами им легче, чем взрослым.Верю, что люди, окончившие университеты, неглупы и понимают с первого раза.",negative
"Вот насчет повода для высказываний (в комментариях или в курилке) - мне подумалось, что как раз если что-то зацепит, то последует действие (посещение ярмарки). К тому же курилка - не для современных выпускников, мне кажется, что они в большинстве за ЗОЖ)).И как они смогут оставить комментарий к сайту? Это же не страница в соцсети.",negative
"Может, я не поняла, в чем разница между пищей для размышления и поводом для высказывания, но тут снова с вами не согласна. Мне кажется, что ярмарка вакансий — это сугубо практическая информация для размышления и приложения к делу, а не пост в фейсбуке или спорная инициатива правительства",negative
"А почему не ""Знакомая аудитория, лучше придерживаться стандартного формата"" и ""Новая аудитория, можно поэкспериментировать""? В этих двух вариантах ответа смешано теплое и мягкое, по-моему.",negative
"Аудитория - это же желающие получить работу у вас! Они и на сайт пришли, чтобы узнать о мероприятии. Значит ждут конкретных указаний, и им достаточно сказать один раз - они же внимательно читают, сознательно сюда пришли. Да, надо проще, но может кто-то и оценит скрытые  цитаты, а вам такие больше подойдут, что вы их отталкиваете.",negative
"А я думала, выпускники приходят на ярмарку вакансий не просто поглазеть, а устроиться. Поэтому сайт для них будет пищей для размышления, разве нет?",negative
"Дважды прочла, но с подсказкой поняла одно: всегда можно выкрутится и написать хороший текст. Вот только вопрос, а как вы пришли к такой формулировке задания?",negative
"Возможно, у меня перед глазами совсем другой образ инженера-железнодорожника...Из постановки задачи и меня сложилось следующее впечатление: - Тема доклада инженерам не знакома. Может их вообще туда силой нагнали? - ""Человек из цетнрального офиса"" для инженера из Воронежа - это скорее всего не ""свой"" человек. - Тема и так новая, снабжать ее цитатами и скрытыми смыслами - рисковать тем, что не донесешь главную мысль. - Чтение для инженера - скорее всего не напряг. Но вот чтение сложного текста на презентации - это напряг для любого зрителя.",negative
"Думаю, что инженеры больше ценят четкость и ясность, чем литературные экзерсисы в виде отсылок и скрытых цитат. Ну и пространные тексты со сложными конструкциями читать более лениво, даже если ты к ним привык.",negative
"Если это профессиональная конференция, аудитории интересно научиться чему-то новому, узнать решение своих задач. Кто-то, конечно, обязательно использует выступление как повод, но мне не кажется, что это единственный и доминирующий вариант.О скрытых отсылках: если аудитория незнакомая, разве мы можем быть уверены, что они заметят скрытые цитаты?",negative
"Участники конференции - инженеры-практики, тема доклада - нововведения, с которыми участники, скорее всего не встречались. Поэтому им надо а) повторять несколько раз основные мысли и б) попроще, подоходчивее. И не надо тратить время (свое и их) на скрытые цитаты. А насчет ""пищи для размышлений"" - вообще не в тему: их послали на конференцию :).",negative
"Что-то я совсем не поняла, что нужно сделать в этом задании. Например, в первом варианте есть выбор между старой и новой аудиториями. А почему нельзя от лица РЖД экспериментировать с новой аудиторией?",negative
"По результата деятельности - опечатка, наверное?",negative
"Странно, а вот нюхалка на живые фразы у меня либо маленькая, либо я не совсем понимаю",negative
На Дурове ссылка на сайт конфет.,negative
Я вот как раз таки любительница читать комментарии на Яндекс Маркете и всегда смотрю на номер модели и ее цену.,negative
"Не очень понятно, что за негативная статья и где и кем она написана. Соответственно, неясно, кто пишет комментарий. Буду считать, что пишет пользователь обыкновенный.",negative
"Тут конечно кто как с креативным кластером общается) я больше коллеге бы задвинула про будьте любезны, а ""едрить твоего кота"" определила бы креативным",negative
"Не равноположенные заголовки: Письмо коллеге и Арендаторы, Гости. Тогда просто Коллега. Как адресат.",negative
"Комбинировала по-всякому смеха ради, очень хохоталась:)",positive
"Ой, ""с целью недопущения распространения"" - их же где-то специально учат такому, да?У нас в БЦ точно такие объявления висят в дамских уборных - ""с целью недопущения засорения""",positive
ЧПХ - это прекрасно! Ахаххахаха))),positive
"Это не совсем формат, это тип текста.",negative
"Фрагмент «Пожалуйста, посмотрите и прокомментируйте» (именно как фрагмент) может относиться и к требованиям к соискателю на должность, если вакансия содержит тестовое задание. Хотя вот сейчас написала и поняла, что вряд ли тестовое поместят в блок с требованиями.",negative
Не поняла задания Заказчик не всегда прав. Наша фирма - исполнитель? Для кого писать резюме созвона? Для заказчика?,negative
"До-придумывать оказалось увлекательно, только непривычно (после стольких-то лет по шаблонам!) Очень хорошее задание, спасибо:)",positive
"По ""Заказчик не всегда прав"": не очень понятно, что требуется, ответить на вопрос ""да?"" или написать резюме встречи с заказчиком.",negative
"Лично меня не смущает официоз в объявлениях в БЦ-КЦ и т.п. Напротив, у них есть узнаваемый канцелярский стиль, и все, кто отвечает за порядок в офисах и магазинах (офис-менеджеры, администраторы) узнают, что эта инфа для них. Вот не понимаю, когда просят сделать ""вкусный текст"" с юморком для объявления в бизнес-центре. Ну ок, один раз вау-эффект будет (все поржут), но потом замучаешься с этим креативом... К чему это я? :)) К тому, что выбрала пару стандартизованных форумлировок как самые приятные :)",negative
"Боги, ну почему же так волнуешься на первом задании? Как будто сейчас придет собака Павлова и откусит нос.",positive
